9,144,152,4904,0,0,0,0,0,0
1,15,145,153,161,4910,0,0,0,0
5,21,154,162,170,4916,0,0,0,0
11,27,163,171,179,4922,0,0,0,0
17,33,172,180,188,4928,0,0,0,0
23,39,181,189,197,4934,0,0,0,0
29,45,190,198,206,4940,0,0,0,0
35,51,199,207,215,4946,0,0,0,0
41,57,208,216,224,4952,0,0,0,0
47,63,217,225,233,4958,0,0,0,0
53,69,226,234,242,4964,0,0,0,0
59,75,235,243,251,4970,0,0,0,0
65,81,244,252,260,4976,0,0,0,0
71,87,253,261,269,4982,0,0,0,0
77,93,262,270,278,4988,0,0,0,0
83,99,271,279,287,4994,0,0,0,0
89,105,280,288,296,5000,0,0,0,0
95,111,289,297,305,5006,0,0,0,0
101,117,298,306,314,5012,0,0,0,0
107,123,307,315,323,5018,0,0,0,0
113,129,316,324,332,5024,0,0,0,0
119,135,325,333,341,5030,0,0,0,0
125,139,334,342,348,5036,0,0,0,0
131,343,349,5040,0,0,0,0,0,0
3,8,151,354,362,5046,0,0,0,0
2,7,14,141,160,355,363,371,5055,0
6,13,20,147,169,364,372,380,5064,0
12,19,26,156,178,373,381,389,5073,0
18,25,32,165,187,382,390,398,5082,0
24,31,38,174,196,391,399,407,5091,0
30,37,44,183,205,400,408,416,5100,0
36,43,50,192,214,409,417,425,5109,0
42,49,56,201,223,418,426,434,5118,0
48,55,62,210,232,427,435,443,5127,0
54,61,68,219,241,436,444,452,5136,0
60,67,74,228,250,445,453,461,5145,0
66,73,80,237,259,454,462,470,5154,0
72,79,86,246,268,463,471,479,5163,0
78,85,92,255,277,472,480,488,5172,0
84,91,98,264,286,481,489,497,5181,0
90,97,104,273,295,490,498,506,5190,0
96,103,110,282,304,499,507,515,5199,0
102,109,116,291,313,508,516,524,5208,0
108,115,122,300,322,517,525,533,5217,0
114,121,128,309,331,526,534,542,5226,0
120,127,134,318,340,535,543,551,5235,0
126,133,138,327,347,544,552,558,5244,0
132,137,336,553,559,5250,0,0,0,0
143,150,361,564,572,5256,0,0,0,0
142,149,159,351,370,565,573,581,5265,0
148,158,168,357,379,574,582,590,5274,0
157,167,177,366,388,583,591,599,5283,0
166,176,186,375,397,592,600,608,5292,0
175,185,195,384,406,601,609,617,5301,0
184,194,204,393,415,610,618,626,5310,0
193,203,213,402,424,619,627,635,5319,0
202,212,222,411,433,628,636,644,5328,0
211,221,231,420,442,637,645,653,5337,0
220,230,240,429,451,646,654,662,5346,0
229,239,249,438,460,655,663,671,5355,0
238,248,258,447,469,664,672,680,5364,0
247,257,267,456,478,673,681,689,5373,0
256,266,276,465,487,682,690,698,5382,0
265,275,285,474,496,691,699,707,5391,0
274,284,294,483,505,700,708,716,5400,0
283,293,303,492,514,709,717,725,5409,0
292,302,312,501,523,718,726,734,5418,0
301,311,321,510,532,727,735,743,5427,0
310,320,330,519,541,736,744,752,5436,0
319,329,339,528,550,745,753,761,5445,0
328,338,346,537,557,754,762,768,5454,0
337,345,546,763,769,5460,0,0,0,0
353,360,571,774,782,5466,0,0,0,0
352,359,369,561,580,775,783,791,5475,0
358,368,378,567,589,784,792,800,5484,0
367,377,387,576,598,793,801,809,5493,0
376,386,396,585,607,802,810,818,5502,0
385,395,405,594,616,811,819,827,5511,0
394,404,414,603,625,820,828,836,5520,0
403,413,423,612,634,829,837,845,5529,0
412,422,432,621,643,838,846,854,5538,0
421,431,441,630,652,847,855,863,5547,0
430,440,450,639,661,856,864,872,5556,0
439,449,459,648,670,865,873,881,5565,0
448,458,468,657,679,874,882,890,5574,0
457,467,477,666,688,883,891,899,5583,0
466,476,486,675,697,892,900,908,5592,0
475,485,495,684,706,901,909,917,5601,0
484,494,504,693,715,910,918,926,5610,0
493,503,513,702,724,919,927,935,5619,0
502,512,522,711,733,928,936,944,5628,0
511,521,531,720,742,937,945,953,5637,0
520,530,540,729,751,946,954,962,5646,0
529,539,549,738,760,955,963,971,5655,0
538,548,556,747,767,964,972,978,5664,0
547,555,756,973,979,5670,0,0,0,0
563,570,781,984,992,5676,0,0,0,0
562,569,579,771,790,985,993,1001,5685,0
568,578,588,777,799,994,1002,1010,5694,0
577,587,597,786,808,1003,1011,1019,5703,0
586,596,606,795,817,1012,1020,1028,5712,0
595,605,615,804,826,1021,1029,1037,5721,0
604,614,624,813,835,1030,1038,1046,5730,0
613,623,633,822,844,1039,1047,1055,5739,0
622,632,642,831,853,1048,1056,1064,5748,0
631,641,651,840,862,1057,1065,1073,5757,0
640,650,660,849,871,1066,1074,1082,5766,0
649,659,669,858,880,1075,1083,1091,5775,0
658,668,678,867,889,1084,1092,1100,5784,0
667,677,687,876,898,1093,1101,1109,5793,0
676,686,696,885,907,1102,1110,1118,5802,0
685,695,705,894,916,1111,1119,1127,5811,0
694,704,714,903,925,1120,1128,1136,5820,0
703,713,723,912,934,1129,1137,1145,5829,0
712,722,732,921,943,1138,1146,1154,5838,0
721,731,741,930,952,1147,1155,1163,5847,0
730,740,750,939,961,1156,1164,1172,5856,0
739,749,759,948,970,1165,1173,1181,5865,0
748,758,766,957,977,1174,1182,1188,5874,0
757,765,966,1183,1189,5880,0,0,0,0
773,780,991,1194,1202,5886,0,0,0,0
772,779,789,981,1000,1195,1203,1211,5895,0
778,788,798,987,1009,1204,1212,1220,5904,0
787,797,807,996,1018,1213,1221,1229,5913,0
796,806,816,1005,1027,1222,1230,1238,5922,0
805,815,825,1014,1036,1231,1239,1247,5931,0
814,824,834,1023,1045,1240,1248,1256,5940,0
823,833,843,1032,1054,1249,1257,1265,5949,0
832,842,852,1041,1063,1258,1266,1274,5958,0
841,851,861,1050,1072,1267,1275,1283,5967,0
850,860,870,1059,1081,1276,1284,1292,5976,0
859,869,879,1068,1090,1285,1293,1301,5985,0
868,878,888,1077,1099,1294,1302,1310,5994,0
877,887,897,1086,1108,1303,1311,1319,6003,0
886,896,906,1095,1117,1312,1320,1328,6012,0
895,905,915,1104,1126,1321,1329,1337,6021,0
904,914,924,1113,1135,1330,1338,1346,6030,0
913,923,933,1122,1144,1339,1347,1355,6039,0
922,932,942,1131,1153,1348,1356,1364,6048,0
931,941,951,1140,1162,1357,1365,1373,6057,0
940,950,960,1149,1171,1366,1374,1382,6066,0
949,959,969,1158,1180,1375,1383,1391,6075,0
958,968,976,1167,1187,1384,1392,1398,6084,0
967,975,1176,1393,1399,6090,0,0,0,0
983,990,1201,1404,1412,6096,0,0,0,0
982,989,999,1191,1210,1405,1413,1421,6105,0
988,998,1008,1197,1219,1414,1422,1430,6114,0
997,1007,1017,1206,1228,1423,1431,1439,6123,0
1006,1016,1026,1215,1237,1432,1440,1448,6132,0
1015,1025,1035,1224,1246,1441,1449,1457,6141,0
1024,1034,1044,1233,1255,1450,1458,1466,6150,0
1033,1043,1053,1242,1264,1459,1467,1475,6159,0
1042,1052,1062,1251,1273,1468,1476,1484,6168,0
1051,1061,1071,1260,1282,1477,1485,1493,6177,0
1060,1070,1080,1269,1291,1486,1494,1502,6186,0
1069,1079,1089,1278,1300,1495,1503,1511,6195,0
1078,1088,1098,1287,1309,1504,1512,1520,6204,0
1087,1097,1107,1296,1318,1513,1521,1529,6213,0
1096,1106,1116,1305,1327,1522,1530,1538,6222,0
1105,1115,1125,1314,1336,1531,1539,1547,6231,0
1114,1124,1134,1323,1345,1540,1548,1556,6240,0
1123,1133,1143,1332,1354,1549,1557,1565,6249,0
1132,1142,1152,1341,1363,1558,1566,1574,6258,0
1141,1151,1161,1350,1372,1567,1575,1583,6267,0
1150,1160,1170,1359,1381,1576,1584,1592,6276,0
1159,1169,1179,1368,1390,1585,1593,1601,6285,0
1168,1178,1186,1377,1397,1594,1602,1608,6294,0
1177,1185,1386,1603,1609,6300,0,0,0,0
1193,1200,1411,1614,1622,6306,0,0,0,0
1192,1199,1209,1401,1420,1615,1623,1631,6315,0
1198,1208,1218,1407,1429,1624,1632,1640,6324,0
1207,1217,1227,1416,1438,1633,1641,1649,6333,0
1216,1226,1236,1425,1447,1642,1650,1658,6342,0
1225,1235,1245,1434,1456,1651,1659,1667,6351,0
1234,1244,1254,1443,1465,1660,1668,1676,6360,0
1243,1253,1263,1452,1474,1669,1677,1685,6369,0
1252,1262,1272,1461,1483,1678,1686,1694,6378,0
1261,1271,1281,1470,1492,1687,1695,1703,6387,0
1270,1280,1290,1479,1501,1696,1704,1712,6396,0
1279,1289,1299,1488,1510,1705,1713,1721,6405,0
1288,1298,1308,1497,1519,1714,1722,1730,6414,0
1297,1307,1317,1506,1528,1723,1731,1739,6423,0
1306,1316,1326,1515,1537,1732,1740,1748,6432,0
1315,1325,1335,1524,1546,1741,1749,1757,6441,0
1324,1334,1344,1533,1555,1750,1758,1766,6450,0
1333,1343,1353,1542,1564,1759,1767,1775,6459,0
1342,1352,1362,1551,1573,1768,1776,1784,6468,0
1351,1361,1371,1560,1582,1777,1785,1793,6477,0
1360,1370,1380,1569,1591,1786,1794,1802,6486,0
1369,1379,1389,1578,1600,1795,1803,1811,6495,0
1378,1388,1396,1587,1607,1804,1812,1818,6504,0
1387,1395,1596,1813,1819,6510,0,0,0,0
1403,1410,1621,1824,1832,6516,0,0,0,0
1402,1409,1419,1611,1630,1825,1833,1841,6525,0
1408,1418,1428,1617,1639,1834,1842,1850,6534,0
1417,1427,1437,1626,1648,1843,1851,1859,6543,0
1426,1436,1446,1635,1657,1852,1860,1868,6552,0
1435,1445,1455,1644,1666,1861,1869,1877,6561,0
1444,1454,1464,1653,1675,1870,1878,1886,6570,0
1453,1463,1473,1662,1684,1879,1887,1895,6579,0
1462,1472,1482,1671,1693,1888,1896,1904,6588,0
1471,1481,1491,1680,1702,1897,1905,1913,6597,0
1480,1490,1500,1689,1711,1906,1914,1922,6606,0
1489,1499,1509,1698,1720,1915,1923,1931,6615,0
1498,1508,1518,1707,1729,1924,1932,1940,6624,0
1507,1517,1527,1716,1738,1933,1941,1949,6633,0
1516,1526,1536,1725,1747,1942,1950,1958,6642,0
1525,1535,1545,1734,1756,1951,1959,1967,6651,0
1534,1544,1554,1743,1765,1960,1968,1976,6660,0
1543,1553,1563,1752,1774,1969,1977,1985,6669,0
1552,1562,1572,1761,1783,1978,1986,1994,6678,0
1561,1571,1581,1770,1792,1987,1995,2003,6687,0
1570,1580,1590,1779,1801,1996,2004,2012,6696,0
1579,1589,1599,1788,1810,2005,2013,2021,6705,0
1588,1598,1606,1797,1817,2014,2022,2028,6714,0
1597,1605,1806,2023,2029,6720,0,0,0,0
1613,1620,1831,2034,2042,6726,0,0,0,0
1612,1619,1629,1821,1840,2035,2043,2051,6735,0
1618,1628,1638,1827,1849,2044,2052,2060,6744,0
1627,1637,1647,1836,1858,2053,2061,2069,6753,0
1636,1646,1656,1845,1867,2062,2070,2078,6762,0
1645,1655,1665,1854,1876,2071,2079,2087,6771,0
1654,1664,1674,1863,1885,2080,2088,2096,6780,0
1663,1673,1683,1872,1894,2089,2097,2105,6789,0
1672,1682,1692,1881,1903,2098,2106,2114,6798,0
1681,1691,1701,1890,1912,2107,2115,2123,6807,0
1690,1700,1710,1899,1921,2116,2124,2132,6816,0
1699,1709,1719,1908,1930,2125,2133,2141,6825,0
1708,1718,1728,1917,1939,2134,2142,2150,6834,0
1717,1727,1737,1926,1948,2143,2151,2159,6843,0
1726,1736,1746,1935,1957,2152,2160,2168,6852,0
1735,1745,1755,1944,1966,2161,2169,2177,6861,0
1744,1754,1764,1953,1975,2170,2178,2186,6870,0
1753,1763,1773,1962,1984,2179,2187,2195,6879,0
1762,1772,1782,1971,1993,2188,2196,2204,6888,0
1771,1781,1791,1980,2002,2197,2205,2213,6897,0
1780,1790,1800,1989,2011,2206,2214,2222,6906,0
1789,1799,1809,1998,2020,2215,2223,2231,6915,0
1798,1808,1816,2007,2027,2224,2232,2238,6924,0
1807,1815,2016,2233,2239,6930,0,0,0,0
1823,1830,2041,2244,2252,6936,0,0,0,0
1822,1829,1839,2031,2050,2245,2253,2261,6945,0
1828,1838,1848,2037,2059,2254,2262,2270,6954,0
1837,1847,1857,2046,2068,2263,2271,2279,6963,0
1846,1856,1866,2055,2077,2272,2280,2288,6972,0
1855,1865,1875,2064,2086,2281,2289,2297,6981,0
1864,1874,1884,2073,2095,2290,2298,2306,6990,0
1873,1883,1893,2082,2104,2299,2307,2315,6999,0
1882,1892,1902,2091,2113,2308,2316,2324,7008,0
1891,1901,1911,2100,2122,2317,2325,2333,7017,0
1900,1910,1920,2109,2131,2326,2334,2342,7026,0
1909,1919,1929,2118,2140,2335,2343,2351,7035,0
1918,1928,1938,2127,2149,2344,2352,2360,7044,0
1927,1937,1947,2136,2158,2353,2361,2369,7053,0
1936,1946,1956,2145,2167,2362,2370,2378,7062,0
1945,1955,1965,2154,2176,2371,2379,2387,7071,0
1954,1964,1974,2163,2185,2380,2388,2396,7080,0
1963,1973,1983,2172,2194,2389,2397,2405,7089,0
1972,1982,1992,2181,2203,2398,2406,2414,7098,0
1981,1991,2001,2190,2212,2407,2415,2423,7107,0
1990,2000,2010,2199,2221,2416,2424,2432,7116,0
1999,2009,2019,2208,2230,2425,2433,2441,7125,0
2008,2018,2026,2217,2237,2434,2442,2448,7134,0
2017,2025,2226,2443,2449,7140,0,0,0,0
2033,2040,2251,2454,2462,7146,0,0,0,0
2032,2039,2049,2241,2260,2455,2463,2471,7155,0
2038,2048,2058,2247,2269,2464,2472,2480,7164,0
2047,2057,2067,2256,2278,2473,2481,2489,7173,0
2056,2066,2076,2265,2287,2482,2490,2498,7182,0
2065,2075,2085,2274,2296,2491,2499,2507,7191,0
2074,2084,2094,2283,2305,2500,2508,2516,7200,0
2083,2093,2103,2292,2314,2509,2517,2525,7209,0
2092,2102,2112,2301,2323,2518,2526,2534,7218,0
2101,2111,2121,2310,2332,2527,2535,2543,7227,0
2110,2120,2130,2319,2341,2536,2544,2552,7236,0
2119,2129,2139,2328,2350,2545,2553,2561,7245,0
2128,2138,2148,2337,2359,2554,2562,2570,7254,0
2137,2147,2157,2346,2368,2563,2571,2579,7263,0
2146,2156,2166,2355,2377,2572,2580,2588,7272,0
2155,2165,2175,2364,2386,2581,2589,2597,7281,0
2164,2174,2184,2373,2395,2590,2598,2606,7290,0
2173,2183,2193,2382,2404,2599,2607,2615,7299,0
2182,2192,2202,2391,2413,2608,2616,2624,7308,0
2191,2201,2211,2400,2422,2617,2625,2633,7317,0
2200,2210,2220,2409,2431,2626,2634,2642,7326,0
2209,2219,2229,2418,2440,2635,2643,2651,7335,0
2218,2228,2236,2427,2447,2644,2652,2658,7344,0
2227,2235,2436,2653,2659,7350,0,0,0,0
2243,2250,2461,2664,2672,7356,0,0,0,0
2242,2249,2259,2451,2470,2665,2673,2681,7365,0
2248,2258,2268,2457,2479,2674,2682,2690,7374,0
2257,2267,2277,2466,2488,2683,2691,2699,7383,0
2266,2276,2286,2475,2497,2692,2700,2708,7392,0
2275,2285,2295,2484,2506,2701,2709,2717,7401,0
2284,2294,2304,2493,2515,2710,2718,2726,7410,0
2293,2303,2313,2502,2524,2719,2727,2735,7419,0
2302,2312,2322,2511,2533,2728,2736,2744,7428,0
2311,2321,2331,2520,2542,2737,2745,2753,7437,0
2320,2330,2340,2529,2551,2746,2754,2762,7446,0
2329,2339,2349,2538,2560,2755,2763,2771,7455,0
2338,2348,2358,2547,2569,2764,2772,2780,7464,0
2347,2357,2367,2556,2578,2773,2781,2789,7473,0
2356,2366,2376,2565,2587,2782,2790,2798,7482,0
2365,2375,2385,2574,2596,2791,2799,2807,7491,0
2374,2384,2394,2583,2605,2800,2808,2816,7500,0
2383,2393,2403,2592,2614,2809,2817,2825,7509,0
2392,2402,2412,2601,2623,2818,2826,2834,7518,0
2401,2411,2421,2610,2632,2827,2835,2843,7527,0
2410,2420,2430,2619,2641,2836,2844,2852,7536,0
2419,2429,2439,2628,2650,2845,2853,2861,7545,0
2428,2438,2446,2637,2657,2854,2862,2868,7554,0
2437,2445,2646,2863,2869,7560,0,0,0,0
2453,2460,2671,2874,2882,7566,0,0,0,0
2452,2459,2469,2661,2680,2875,2883,2891,7575,0
2458,2468,2478,2667,2689,2884,2892,2900,7584,0
2467,2477,2487,2676,2698,2893,2901,2909,7593,0
2476,2486,2496,2685,2707,2902,2910,2918,7602,0
2485,2495,2505,2694,2716,2911,2919,2927,7611,0
2494,2504,2514,2703,2725,2920,2928,2936,7620,0
2503,2513,2523,2712,2734,2929,2937,2945,7629,0
2512,2522,2532,2721,2743,2938,2946,2954,7638,0
2521,2531,2541,2730,2752,2947,2955,2963,7647,0
2530,2540,2550,2739,2761,2956,2964,2972,7656,0
2539,2549,2559,2748,2770,2965,2973,2981,7665,0
2548,2558,2568,2757,2779,2974,2982,2990,7674,0
2557,2567,2577,2766,2788,2983,2991,2999,7683,0
2566,2576,2586,2775,2797,2992,3000,3008,7692,0
2575,2585,2595,2784,2806,3001,3009,3017,7701,0
2584,2594,2604,2793,2815,3010,3018,3026,7710,0
2593,2603,2613,2802,2824,3019,3027,3035,7719,0
2602,2612,2622,2811,2833,3028,3036,3044,7728,0
2611,2621,2631,2820,2842,3037,3045,3053,7737,0
2620,2630,2640,2829,2851,3046,3054,3062,7746,0
2629,2639,2649,2838,2860,3055,3063,3071,7755,0
2638,2648,2656,2847,2867,3064,3072,3078,7764,0
2647,2655,2856,3073,3079,7770,0,0,0,0
2663,2670,2881,3084,3092,7776,0,0,0,0
2662,2669,2679,2871,2890,3085,3093,3101,7785,0
2668,2678,2688,2877,2899,3094,3102,3110,7794,0
2677,2687,2697,2886,2908,3103,3111,3119,7803,0
2686,2696,2706,2895,2917,3112,3120,3128,7812,0
2695,2705,2715,2904,2926,3121,3129,3137,7821,0
2704,2714,2724,2913,2935,3130,3138,3146,7830,0
2713,2723,2733,2922,2944,3139,3147,3155,7839,0
2722,2732,2742,2931,2953,3148,3156,3164,7848,0
2731,2741,2751,2940,2962,3157,3165,3173,7857,0
2740,2750,2760,2949,2971,3166,3174,3182,7866,0
2749,2759,2769,2958,2980,3175,3183,3191,7875,0
2758,2768,2778,2967,2989,3184,3192,3200,7884,0
2767,2777,2787,2976,2998,3193,3201,3209,7893,0
2776,2786,2796,2985,3007,3202,3210,3218,7902,0
2785,2795,2805,2994,3016,3211,3219,3227,7911,0
2794,2804,2814,3003,3025,3220,3228,3236,7920,0
2803,2813,2823,3012,3034,3229,3237,3245,7929,0
2812,2822,2832,3021,3043,3238,3246,3254,7938,0
2821,2831,2841,3030,3052,3247,3255,3263,7947,0
2830,2840,2850,3039,3061,3256,3264,3272,7956,0
2839,2849,2859,3048,3070,3265,3273,3281,7965,0
2848,2858,2866,3057,3077,3274,3282,3288,7974,0
2857,2865,3066,3283,3289,7980,0,0,0,0
2873,2880,3091,3294,3302,7986,0,0,0,0
2872,2879,2889,3081,3100,3295,3303,3311,7995,0
2878,2888,2898,3087,3109,3304,3312,3320,8004,0
2887,2897,2907,3096,3118,3313,3321,3329,8013,0
2896,2906,2916,3105,3127,3322,3330,3338,8022,0
2905,2915,2925,3114,3136,3331,3339,3347,8031,0
2914,2924,2934,3123,3145,3340,3348,3356,8040,0
2923,2933,2943,3132,3154,3349,3357,3365,8049,0
2932,2942,2952,3141,3163,3358,3366,3374,8058,0
2941,2951,2961,3150,3172,3367,3375,3383,8067,0
2950,2960,2970,3159,3181,3376,3384,3392,8076,0
2959,2969,2979,3168,3190,3385,3393,3401,8085,0
2968,2978,2988,3177,3199,3394,3402,3410,8094,0
2977,2987,2997,3186,3208,3403,3411,3419,8103,0
2986,2996,3006,3195,3217,3412,3420,3428,8112,0
2995,3005,3015,3204,3226,3421,3429,3437,8121,0
3004,3014,3024,3213,3235,3430,3438,3446,8130,0
3013,3023,3033,3222,3244,3439,3447,3455,8139,0
3022,3032,3042,3231,3253,3448,3456,3464,8148,0
3031,3041,3051,3240,3262,3457,3465,3473,8157,0
3040,3050,3060,3249,3271,3466,3474,3482,8166,0
3049,3059,3069,3258,3280,3475,3483,3491,8175,0
3058,3068,3076,3267,3287,3484,3492,3498,8184,0
3067,3075,3276,3493,3499,8190,0,0,0,0
3083,3090,3301,3504,3512,8196,0,0,0,0
3082,3089,3099,3291,3310,3505,3513,3521,8205,0
3088,3098,3108,3297,3319,3514,3522,3530,8214,0
3097,3107,3117,3306,3328,3523,3531,3539,8223,0
3106,3116,3126,3315,3337,3532,3540,3548,8232,0
3115,3125,3135,3324,3346,3541,3549,3557,8241,0
3124,3134,3144,3333,3355,3550,3558,3566,8250,0
3133,3143,3153,3342,3364,3559,3567,3575,8259,0
3142,3152,3162,3351,3373,3568,3576,3584,8268,0
3151,3161,3171,3360,3382,3577,3585,3593,8277,0
3160,3170,3180,3369,3391,3586,3594,3602,8286,0
3169,3179,3189,3378,3400,3595,3603,3611,8295,0
3178,3188,3198,3387,3409,3604,3612,3620,8304,0
3187,3197,3207,3396,3418,3613,3621,3629,8313,0
3196,3206,3216,3405,3427,3622,3630,3638,8322,0
3205,3215,3225,3414,3436,3631,3639,3647,8331,0
3214,3224,3234,3423,3445,3640,3648,3656,8340,0
3223,3233,3243,3432,3454,3649,3657,3665,8349,0
3232,3242,3252,3441,3463,3658,3666,3674,8358,0
3241,3251,3261,3450,3472,3667,3675,3683,8367,0
3250,3260,3270,3459,3481,3676,3684,3692,8376,0
3259,3269,3279,3468,3490,3685,3693,3701,8385,0
3268,3278,3286,3477,3497,3694,3702,3708,8394,0
3277,3285,3486,3703,3709,8400,0,0,0,0
3293,3300,3511,3714,3722,8406,0,0,0,0
3292,3299,3309,3501,3520,3715,3723,3731,8415,0
3298,3308,3318,3507,3529,3724,3732,3740,8424,0
3307,3317,3327,3516,3538,3733,3741,3749,8433,0
3316,3326,3336,3525,3547,3742,3750,3758,8442,0
3325,3335,3345,3534,3556,3751,3759,3767,8451,0
3334,3344,3354,3543,3565,3760,3768,3776,8460,0
3343,3353,3363,3552,3574,3769,3777,3785,8469,0
3352,3362,3372,3561,3583,3778,3786,3794,8478,0
3361,3371,3381,3570,3592,3787,3795,3803,8487,0
3370,3380,3390,3579,3601,3796,3804,3812,8496,0
3379,3389,3399,3588,3610,3805,3813,3821,8505,0
3388,3398,3408,3597,3619,3814,3822,3830,8514,0
3397,3407,3417,3606,3628,3823,3831,3839,8523,0
3406,3416,3426,3615,3637,3832,3840,3848,8532,0
3415,3425,3435,3624,3646,3841,3849,3857,8541,0
3424,3434,3444,3633,3655,3850,3858,3866,8550,0
3433,3443,3453,3642,3664,3859,3867,3875,8559,0
3442,3452,3462,3651,3673,3868,3876,3884,8568,0
3451,3461,3471,3660,3682,3877,3885,3893,8577,0
3460,3470,3480,3669,3691,3886,3894,3902,8586,0
3469,3479,3489,3678,3700,3895,3903,3911,8595,0
3478,3488,3496,3687,3707,3904,3912,3918,8604,0
3487,3495,3696,3913,3919,8610,0,0,0,0
3503,3510,3721,3924,3932,8616,0,0,0,0
3502,3509,3519,3711,3730,3925,3933,3941,8625,0
3508,3518,3528,3717,3739,3934,3942,3950,8634,0
3517,3527,3537,3726,3748,3943,3951,3959,8643,0
3526,3536,3546,3735,3757,3952,3960,3968,8652,0
3535,3545,3555,3744,3766,3961,3969,3977,8661,0
3544,3554,3564,3753,3775,3970,3978,3986,8670,0
3553,3563,3573,3762,3784,3979,3987,3995,8679,0
3562,3572,3582,3771,3793,3988,3996,4004,8688,0
3571,3581,3591,3780,3802,3997,4005,4013,8697,0
3580,3590,3600,3789,3811,4006,4014,4022,8706,0
3589,3599,3609,3798,3820,4015,4023,4031,8715,0
3598,3608,3618,3807,3829,4024,4032,4040,8724,0
3607,3617,3627,3816,3838,4033,4041,4049,8733,0
3616,3626,3636,3825,3847,4042,4050,4058,8742,0
3625,3635,3645,3834,3856,4051,4059,4067,8751,0
3634,3644,3654,3843,3865,4060,4068,4076,8760,0
3643,3653,3663,3852,3874,4069,4077,4085,8769,0
3652,3662,3672,3861,3883,4078,4086,4094,8778,0
3661,3671,3681,3870,3892,4087,4095,4103,8787,0
3670,3680,3690,3879,3901,4096,4104,4112,8796,0
3679,3689,3699,3888,3910,4105,4113,4121,8805,0
3688,3698,3706,3897,3917,4114,4122,4128,8814,0
3697,3705,3906,4123,4129,8820,0,0,0,0
3713,3720,3931,4134,4142,8826,0,0,0,0
3712,3719,3729,3921,3940,4135,4143,4151,8835,0
3718,3728,3738,3927,3949,4144,4152,4160,8844,0
3727,3737,3747,3936,3958,4153,4161,4169,8853,0
3736,3746,3756,3945,3967,4162,4170,4178,8862,0
3745,3755,3765,3954,3976,4171,4179,4187,8871,0
3754,3764,3774,3963,3985,4180,4188,4196,8880,0
3763,3773,3783,3972,3994,4189,4197,4205,8889,0
3772,3782,3792,3981,4003,4198,4206,4214,8898,0
3781,3791,3801,3990,4012,4207,4215,4223,8907,0
3790,3800,3810,3999,4021,4216,4224,4232,8916,0
3799,3809,3819,4008,4030,4225,4233,4241,8925,0
3808,3818,3828,4017,4039,4234,4242,4250,8934,0
3817,3827,3837,4026,4048,4243,4251,4259,8943,0
3826,3836,3846,4035,4057,4252,4260,4268,8952,0
3835,3845,3855,4044,4066,4261,4269,4277,8961,0
3844,3854,3864,4053,4075,4270,4278,4286,8970,0
3853,3863,3873,4062,4084,4279,4287,4295,8979,0
3862,3872,3882,4071,4093,4288,4296,4304,8988,0
3871,3881,3891,4080,4102,4297,4305,4313,8997,0
3880,3890,3900,4089,4111,4306,4314,4322,9006,0
3889,3899,3909,4098,4120,4315,4323,4331,9015,0
3898,3908,3916,4107,4127,4324,4332,4338,9024,0
3907,3915,4116,4333,4339,9030,0,0,0,0
3923,3930,4141,4344,4352,9036,0,0,0,0
3922,3929,3939,4131,4150,4345,4353,4361,9045,0
3928,3938,3948,4137,4159,4354,4362,4370,9054,0
3937,3947,3957,4146,4168,4363,4371,4379,9063,0
3946,3956,3966,4155,4177,4372,4380,4388,9072,0
3955,3965,3975,4164,4186,4381,4389,4397,9081,0
3964,3974,3984,4173,4195,4390,4398,4406,9090,0
3973,3983,3993,4182,4204,4399,4407,4415,9099,0
3982,3992,4002,4191,4213,4408,4416,4424,9108,0
3991,4001,4011,4200,4222,4417,4425,4433,9117,0
4000,4010,4020,4209,4231,4426,4434,4442,9126,0
4009,4019,4029,4218,4240,4435,4443,4451,9135,0
4018,4028,4038,4227,4249,4444,4452,4460,9144,0
4027,4037,4047,4236,4258,4453,4461,4469,9153,0
4036,4046,4056,4245,4267,4462,4470,4478,9162,0
4045,4055,4065,4254,4276,4471,4479,4487,9171,0
4054,4064,4074,4263,4285,4480,4488,4496,9180,0
4063,4073,4083,4272,4294,4489,4497,4505,9189,0
4072,4082,4092,4281,4303,4498,4506,4514,9198,0
4081,4091,4101,4290,4312,4507,4515,4523,9207,0
4090,4100,4110,4299,4321,4516,4524,4532,9216,0
4099,4109,4119,4308,4330,4525,4533,4541,9225,0
4108,4118,4126,4317,4337,4534,4542,4548,9234,0
4117,4125,4326,4543,4549,9240,0,0,0,0
4133,4140,4351,4554,4562,9246,0,0,0,0
4132,4139,4149,4341,4360,4555,4563,4571,9255,0
4138,4148,4158,4347,4369,4564,4572,4580,9264,0
4147,4157,4167,4356,4378,4573,4581,4589,9273,0
4156,4166,4176,4365,4387,4582,4590,4598,9282,0
4165,4175,4185,4374,4396,4591,4599,4607,9291,0
4174,4184,4194,4383,4405,4600,4608,4616,9300,0
4183,4193,4203,4392,4414,4609,4617,4625,9309,0
4192,4202,4212,4401,4423,4618,4626,4634,9318,0
4201,4211,4221,4410,4432,4627,4635,4643,9327,0
4210,4220,4230,4419,4441,4636,4644,4652,9336,0
4219,4229,4239,4428,4450,4645,4653,4661,9345,0
4228,4238,4248,4437,4459,4654,4662,4670,9354,0
4237,4247,4257,4446,4468,4663,4671,4679,9363,0
4246,4256,4266,4455,4477,4672,4680,4688,9372,0
4255,4265,4275,4464,4486,4681,4689,4697,9381,0
4264,4274,4284,4473,4495,4690,4698,4706,9390,0
4273,4283,4293,4482,4504,4699,4707,4715,9399,0
4282,4292,4302,4491,4513,4708,4716,4724,9408,0
4291,4301,4311,4500,4522,4717,4725,4733,9417,0
4300,4310,4320,4509,4531,4726,4734,4742,9426,0
4309,4319,4329,4518,4540,4735,4743,4751,9435,0
4318,4328,4336,4527,4547,4744,4752,4758,9444,0
4327,4335,4536,4753,4759,9450,0,0,0,0
4343,4350,4561,4762,4767,9456,0,0,0,0
4342,4349,4359,4551,4570,4763,4768,4773,9465,0
4348,4358,4368,4557,4579,4769,4774,4779,9474,0
4357,4367,4377,4566,4588,4775,4780,4785,9483,0
4366,4376,4386,4575,4597,4781,4786,4791,9492,0
4375,4385,4395,4584,4606,4787,4792,4797,9501,0
4384,4394,4404,4593,4615,4793,4798,4803,9510,0
4393,4403,4413,4602,4624,4799,4804,4809,9519,0
4402,4412,4422,4611,4633,4805,4810,4815,9528,0
4411,4421,4431,4620,4642,4811,4816,4821,9537,0
4420,4430,4440,4629,4651,4817,4822,4827,9546,0
4429,4439,4449,4638,4660,4823,4828,4833,9555,0
4438,4448,4458,4647,4669,4829,4834,4839,9564,0
4447,4457,4467,4656,4678,4835,4840,4845,9573,0
4456,4466,4476,4665,4687,4841,4846,4851,9582,0
4465,4475,4485,4674,4696,4847,4852,4857,9591,0
4474,4484,4494,4683,4705,4853,4858,4863,9600,0
4483,4493,4503,4692,4714,4859,4864,4869,9609,0
4492,4502,4512,4701,4723,4865,4870,4875,9618,0
4501,4511,4521,4710,4732,4871,4876,4881,9627,0
4510,4520,4530,4719,4741,4877,4882,4887,9636,0
4519,4529,4539,4728,4750,4883,4888,4893,9645,0
4528,4538,4546,4737,4757,4889,4894,4898,9654,0
4537,4545,4746,4895,4899,9660,0,0,0,0
4553,4560,4766,9664,0,0,0,0,0,0
4552,4559,4569,4761,4772,9670,0,0,0,0
4558,4568,4578,4765,4778,9676,0,0,0,0
4567,4577,4587,4771,4784,9682,0,0,0,0
4576,4586,4596,4777,4790,9688,0,0,0,0
4585,4595,4605,4783,4796,9694,0,0,0,0
4594,4604,4614,4789,4802,9700,0,0,0,0
4603,4613,4623,4795,4808,9706,0,0,0,0
4612,4622,4632,4801,4814,9712,0,0,0,0
4621,4631,4641,4807,4820,9718,0,0,0,0
4630,4640,4650,4813,4826,9724,0,0,0,0
4639,4649,4659,4819,4832,9730,0,0,0,0
4648,4658,4668,4825,4838,9736,0,0,0,0
4657,4667,4677,4831,4844,9742,0,0,0,0
4666,4676,4686,4837,4850,9748,0,0,0,0
4675,4685,4695,4843,4856,9754,0,0,0,0
4684,4694,4704,4849,4862,9760,0,0,0,0
4693,4703,4713,4855,4868,9766,0,0,0,0
4702,4712,4722,4861,4874,9772,0,0,0,0
4711,4721,4731,4867,4880,9778,0,0,0,0
4720,4730,4740,4873,4886,9784,0,0,0,0
4729,4739,4749,4879,4892,9790,0,0,0,0
4738,4748,4756,4885,4897,9796,0,0,0,0
4747,4755,4891,9800,0,0,0,0,0,0
4,4909,5044,5052,0,0,0,0,0,0
10,4901,4915,5045,5053,5061,0,0,0,0
16,4905,4921,5054,5062,5070,0,0,0,0
22,4911,4927,5063,5071,5079,0,0,0,0
28,4917,4933,5072,5080,5088,0,0,0,0
34,4923,4939,5081,5089,5097,0,0,0,0
40,4929,4945,5090,5098,5106,0,0,0,0
46,4935,4951,5099,5107,5115,0,0,0,0
52,4941,4957,5108,5116,5124,0,0,0,0
58,4947,4963,5117,5125,5133,0,0,0,0
64,4953,4969,5126,5134,5142,0,0,0,0
70,4959,4975,5135,5143,5151,0,0,0,0
76,4965,4981,5144,5152,5160,0,0,0,0
82,4971,4987,5153,5161,5169,0,0,0,0
88,4977,4993,5162,5170,5178,0,0,0,0
94,4983,4999,5171,5179,5187,0,0,0,0
100,4989,5005,5180,5188,5196,0,0,0,0
106,4995,5011,5189,5197,5205,0,0,0,0
112,5001,5017,5198,5206,5214,0,0,0,0
118,5007,5023,5207,5215,5223,0,0,0,0
124,5013,5029,5216,5224,5232,0,0,0,0
130,5019,5035,5225,5233,5241,0,0,0,0
136,5025,5039,5234,5242,5248,0,0,0,0
140,5031,5243,5249,0,0,0,0,0,0
146,4903,4908,5051,5254,5262,0,0,0,0
155,4902,4907,4914,5041,5060,5255,5263,5271,0
164,4906,4913,4920,5047,5069,5264,5272,5280,0
173,4912,4919,4926,5056,5078,5273,5281,5289,0
182,4918,4925,4932,5065,5087,5282,5290,5298,0
191,4924,4931,4938,5074,5096,5291,5299,5307,0
200,4930,4937,4944,5083,5105,5300,5308,5316,0
209,4936,4943,4950,5092,5114,5309,5317,5325,0
218,4942,4949,4956,5101,5123,5318,5326,5334,0
227,4948,4955,4962,5110,5132,5327,5335,5343,0
236,4954,4961,4968,5119,5141,5336,5344,5352,0
245,4960,4967,4974,5128,5150,5345,5353,5361,0
254,4966,4973,4980,5137,5159,5354,5362,5370,0
263,4972,4979,4986,5146,5168,5363,5371,5379,0
272,4978,4985,4992,5155,5177,5372,5380,5388,0
281,4984,4991,4998,5164,5186,5381,5389,5397,0
290,4990,4997,5004,5173,5195,5390,5398,5406,0
299,4996,5003,5010,5182,5204,5399,5407,5415,0
308,5002,5009,5016,5191,5213,5408,5416,5424,0
317,5008,5015,5022,5200,5222,5417,5425,5433,0
326,5014,5021,5028,5209,5231,5426,5434,5442,0
335,5020,5027,5034,5218,5240,5435,5443,5451,0
344,5026,5033,5038,5227,5247,5444,5452,5458,0
350,5032,5037,5236,5453,5459,0,0,0,0
356,5043,5050,5261,5464,5472,0,0,0,0
365,5042,5049,5059,5251,5270,5465,5473,5481,0
374,5048,5058,5068,5257,5279,5474,5482,5490,0
383,5057,5067,5077,5266,5288,5483,5491,5499,0
392,5066,5076,5086,5275,5297,5492,5500,5508,0
401,5075,5085,5095,5284,5306,5501,5509,5517,0
410,5084,5094,5104,5293,5315,5510,5518,5526,0
419,5093,5103,5113,5302,5324,5519,5527,5535,0
428,5102,5112,5122,5311,5333,5528,5536,5544,0
437,5111,5121,5131,5320,5342,5537,5545,5553,0
446,5120,5130,5140,5329,5351,5546,5554,5562,0
455,5129,5139,5149,5338,5360,5555,5563,5571,0
464,5138,5148,5158,5347,5369,5564,5572,5580,0
473,5147,5157,5167,5356,5378,5573,5581,5589,0
482,5156,5166,5176,5365,5387,5582,5590,5598,0
491,5165,5175,5185,5374,5396,5591,5599,5607,0
500,5174,5184,5194,5383,5405,5600,5608,5616,0
509,5183,5193,5203,5392,5414,5609,5617,5625,0
518,5192,5202,5212,5401,5423,5618,5626,5634,0
527,5201,5211,5221,5410,5432,5627,5635,5643,0
536,5210,5220,5230,5419,5441,5636,5644,5652,0
545,5219,5229,5239,5428,5450,5645,5653,5661,0
554,5228,5238,5246,5437,5457,5654,5662,5668,0
560,5237,5245,5446,5663,5669,0,0,0,0
566,5253,5260,5471,5674,5682,0,0,0,0
575,5252,5259,5269,5461,5480,5675,5683,5691,0
584,5258,5268,5278,5467,5489,5684,5692,5700,0
593,5267,5277,5287,5476,5498,5693,5701,5709,0
602,5276,5286,5296,5485,5507,5702,5710,5718,0
611,5285,5295,5305,5494,5516,5711,5719,5727,0
620,5294,5304,5314,5503,5525,5720,5728,5736,0
629,5303,5313,5323,5512,5534,5729,5737,5745,0
638,5312,5322,5332,5521,5543,5738,5746,5754,0
647,5321,5331,5341,5530,5552,5747,5755,5763,0
656,5330,5340,5350,5539,5561,5756,5764,5772,0
665,5339,5349,5359,5548,5570,5765,5773,5781,0
674,5348,5358,5368,5557,5579,5774,5782,5790,0
683,5357,5367,5377,5566,5588,5783,5791,5799,0
692,5366,5376,5386,5575,5597,5792,5800,5808,0
701,5375,5385,5395,5584,5606,5801,5809,5817,0
710,5384,5394,5404,5593,5615,5810,5818,5826,0
719,5393,5403,5413,5602,5624,5819,5827,5835,0
728,5402,5412,5422,5611,5633,5828,5836,5844,0
737,5411,5421,5431,5620,5642,5837,5845,5853,0
746,5420,5430,5440,5629,5651,5846,5854,5862,0
755,5429,5439,5449,5638,5660,5855,5863,5871,0
764,5438,5448,5456,5647,5667,5864,5872,5878,0
770,5447,5455,5656,5873,5879,0,0,0,0
776,5463,5470,5681,5884,5892,0,0,0,0
785,5462,5469,5479,5671,5690,5885,5893,5901,0
794,5468,5478,5488,5677,5699,5894,5902,5910,0
803,5477,5487,5497,5686,5708,5903,5911,5919,0
812,5486,5496,5506,5695,5717,5912,5920,5928,0
821,5495,5505,5515,5704,5726,5921,5929,5937,0
830,5504,5514,5524,5713,5735,5930,5938,5946,0
839,5513,5523,5533,5722,5744,5939,5947,5955,0
848,5522,5532,5542,5731,5753,5948,5956,5964,0
857,5531,5541,5551,5740,5762,5957,5965,5973,0
866,5540,5550,5560,5749,5771,5966,5974,5982,0
875,5549,5559,5569,5758,5780,5975,5983,5991,0
884,5558,5568,5578,5767,5789,5984,5992,6000,0
893,5567,5577,5587,5776,5798,5993,6001,6009,0
902,5576,5586,5596,5785,5807,6002,6010,6018,0
911,5585,5595,5605,5794,5816,6011,6019,6027,0
920,5594,5604,5614,5803,5825,6020,6028,6036,0
929,5603,5613,5623,5812,5834,6029,6037,6045,0
938,5612,5622,5632,5821,5843,6038,6046,6054,0
947,5621,5631,5641,5830,5852,6047,6055,6063,0
956,5630,5640,5650,5839,5861,6056,6064,6072,0
965,5639,5649,5659,5848,5870,6065,6073,6081,0
974,5648,5658,5666,5857,5877,6074,6082,6088,0
980,5657,5665,5866,6083,6089,0,0,0,0
986,5673,5680,5891,6094,6102,0,0,0,0
995,5672,5679,5689,5881,5900,6095,6103,6111,0
1004,5678,5688,5698,5887,5909,6104,6112,6120,0
1013,5687,5697,5707,5896,5918,6113,6121,6129,0
1022,5696,5706,5716,5905,5927,6122,6130,6138,0
1031,5705,5715,5725,5914,5936,6131,6139,6147,0
1040,5714,5724,5734,5923,5945,6140,6148,6156,0
1049,5723,5733,5743,5932,5954,6149,6157,6165,0
1058,5732,5742,5752,5941,5963,6158,6166,6174,0
1067,5741,5751,5761,5950,5972,6167,6175,6183,0
1076,5750,5760,5770,5959,5981,6176,6184,6192,0
1085,5759,5769,5779,5968,5990,6185,6193,6201,0
1094,5768,5778,5788,5977,5999,6194,6202,6210,0
1103,5777,5787,5797,5986,6008,6203,6211,6219,0
1112,5786,5796,5806,5995,6017,6212,6220,6228,0
1121,5795,5805,5815,6004,6026,6221,6229,6237,0
1130,5804,5814,5824,6013,6035,6230,6238,6246,0
1139,5813,5823,5833,6022,6044,6239,6247,6255,0
1148,5822,5832,5842,6031,6053,6248,6256,6264,0
1157,5831,5841,5851,6040,6062,6257,6265,6273,0
1166,5840,5850,5860,6049,6071,6266,6274,6282,0
1175,5849,5859,5869,6058,6080,6275,6283,6291,0
1184,5858,5868,5876,6067,6087,6284,6292,6298,0
1190,5867,5875,6076,6293,6299,0,0,0,0
1196,5883,5890,6101,6304,6312,0,0,0,0
1205,5882,5889,5899,6091,6110,6305,6313,6321,0
1214,5888,5898,5908,6097,6119,6314,6322,6330,0
1223,5897,5907,5917,6106,6128,6323,6331,6339,0
1232,5906,5916,5926,6115,6137,6332,6340,6348,0
1241,5915,5925,5935,6124,6146,6341,6349,6357,0
1250,5924,5934,5944,6133,6155,6350,6358,6366,0
1259,5933,5943,5953,6142,6164,6359,6367,6375,0
1268,5942,5952,5962,6151,6173,6368,6376,6384,0
1277,5951,5961,5971,6160,6182,6377,6385,6393,0
1286,5960,5970,5980,6169,6191,6386,6394,6402,0
1295,5969,5979,5989,6178,6200,6395,6403,6411,0
1304,5978,5988,5998,6187,6209,6404,6412,6420,0
1313,5987,5997,6007,6196,6218,6413,6421,6429,0
1322,5996,6006,6016,6205,6227,6422,6430,6438,0
1331,6005,6015,6025,6214,6236,6431,6439,6447,0
1340,6014,6024,6034,6223,6245,6440,6448,6456,0
1349,6023,6033,6043,6232,6254,6449,6457,6465,0
1358,6032,6042,6052,6241,6263,6458,6466,6474,0
1367,6041,6051,6061,6250,6272,6467,6475,6483,0
1376,6050,6060,6070,6259,6281,6476,6484,6492,0
1385,6059,6069,6079,6268,6290,6485,6493,6501,0
1394,6068,6078,6086,6277,6297,6494,6502,6508,0
1400,6077,6085,6286,6503,6509,0,0,0,0
1406,6093,6100,6311,6514,6522,0,0,0,0
1415,6092,6099,6109,6301,6320,6515,6523,6531,0
1424,6098,6108,6118,6307,6329,6524,6532,6540,0
1433,6107,6117,6127,6316,6338,6533,6541,6549,0
1442,6116,6126,6136,6325,6347,6542,6550,6558,0
1451,6125,6135,6145,6334,6356,6551,6559,6567,0
1460,6134,6144,6154,6343,6365,6560,6568,6576,0
1469,6143,6153,6163,6352,6374,6569,6577,6585,0
1478,6152,6162,6172,6361,6383,6578,6586,6594,0
1487,6161,6171,6181,6370,6392,6587,6595,6603,0
1496,6170,6180,6190,6379,6401,6596,6604,6612,0
1505,6179,6189,6199,6388,6410,6605,6613,6621,0
1514,6188,6198,6208,6397,6419,6614,6622,6630,0
1523,6197,6207,6217,6406,6428,6623,6631,6639,0
1532,6206,6216,6226,6415,6437,6632,6640,6648,0
1541,6215,6225,6235,6424,6446,6641,6649,6657,0
1550,6224,6234,6244,6433,6455,6650,6658,6666,0
1559,6233,6243,6253,6442,6464,6659,6667,6675,0
1568,6242,6252,6262,6451,6473,6668,6676,6684,0
1577,6251,6261,6271,6460,6482,6677,6685,6693,0
1586,6260,6270,6280,6469,6491,6686,6694,6702,0
1595,6269,6279,6289,6478,6500,6695,6703,6711,0
1604,6278,6288,6296,6487,6507,6704,6712,6718,0
1610,6287,6295,6496,6713,6719,0,0,0,0
1616,6303,6310,6521,6724,6732,0,0,0,0
1625,6302,6309,6319,6511,6530,6725,6733,6741,0
1634,6308,6318,6328,6517,6539,6734,6742,6750,0
1643,6317,6327,6337,6526,6548,6743,6751,6759,0
1652,6326,6336,6346,6535,6557,6752,6760,6768,0
1661,6335,6345,6355,6544,6566,6761,6769,6777,0
1670,6344,6354,6364,6553,6575,6770,6778,6786,0
1679,6353,6363,6373,6562,6584,6779,6787,6795,0
1688,6362,6372,6382,6571,6593,6788,6796,6804,0
1697,6371,6381,6391,6580,6602,6797,6805,6813,0
1706,6380,6390,6400,6589,6611,6806,6814,6822,0
1715,6389,6399,6409,6598,6620,6815,6823,6831,0
1724,6398,6408,6418,6607,6629,6824,6832,6840,0
1733,6407,6417,6427,6616,6638,6833,6841,6849,0
1742,6416,6426,6436,6625,6647,6842,6850,6858,0
1751,6425,6435,6445,6634,6656,6851,6859,6867,0
1760,6434,6444,6454,6643,6665,6860,6868,6876,0
1769,6443,6453,6463,6652,6674,6869,6877,6885,0
1778,6452,6462,6472,6661,6683,6878,6886,6894,0
1787,6461,6471,6481,6670,6692,6887,6895,6903,0
1796,6470,6480,6490,6679,6701,6896,6904,6912,0
1805,6479,6489,6499,6688,6710,6905,6913,6921,0
1814,6488,6498,6506,6697,6717,6914,6922,6928,0
1820,6497,6505,6706,6923,6929,0,0,0,0
1826,6513,6520,6731,6934,6942,0,0,0,0
1835,6512,6519,6529,6721,6740,6935,6943,6951,0
1844,6518,6528,6538,6727,6749,6944,6952,6960,0
1853,6527,6537,6547,6736,6758,6953,6961,6969,0
1862,6536,6546,6556,6745,6767,6962,6970,6978,0
1871,6545,6555,6565,6754,6776,6971,6979,6987,0
1880,6554,6564,6574,6763,6785,6980,6988,6996,0
1889,6563,6573,6583,6772,6794,6989,6997,7005,0
1898,6572,6582,6592,6781,6803,6998,7006,7014,0
1907,6581,6591,6601,6790,6812,7007,7015,7023,0
1916,6590,6600,6610,6799,6821,7016,7024,7032,0
1925,6599,6609,6619,6808,6830,7025,7033,7041,0
1934,6608,6618,6628,6817,6839,7034,7042,7050,0
1943,6617,6627,6637,6826,6848,7043,7051,7059,0
1952,6626,6636,6646,6835,6857,7052,7060,7068,0
1961,6635,6645,6655,6844,6866,7061,7069,7077,0
1970,6644,6654,6664,6853,6875,7070,7078,7086,0
1979,6653,6663,6673,6862,6884,7079,7087,7095,0
1988,6662,6672,6682,6871,6893,7088,7096,7104,0
1997,6671,6681,6691,6880,6902,7097,7105,7113,0
2006,6680,6690,6700,6889,6911,7106,7114,7122,0
2015,6689,6699,6709,6898,6920,7115,7123,7131,0
2024,6698,6708,6716,6907,6927,7124,7132,7138,0
2030,6707,6715,6916,7133,7139,0,0,0,0
2036,6723,6730,6941,7144,7152,0,0,0,0
2045,6722,6729,6739,6931,6950,7145,7153,7161,0
2054,6728,6738,6748,6937,6959,7154,7162,7170,0
2063,6737,6747,6757,6946,6968,7163,7171,7179,0
2072,6746,6756,6766,6955,6977,7172,7180,7188,0
2081,6755,6765,6775,6964,6986,7181,7189,7197,0
2090,6764,6774,6784,6973,6995,7190,7198,7206,0
2099,6773,6783,6793,6982,7004,7199,7207,7215,0
2108,6782,6792,6802,6991,7013,7208,7216,7224,0
2117,6791,6801,6811,7000,7022,7217,7225,7233,0
2126,6800,6810,6820,7009,7031,7226,7234,7242,0
2135,6809,6819,6829,7018,7040,7235,7243,7251,0
2144,6818,6828,6838,7027,7049,7244,7252,7260,0
2153,6827,6837,6847,7036,7058,7253,7261,7269,0
2162,6836,6846,6856,7045,7067,7262,7270,7278,0
2171,6845,6855,6865,7054,7076,7271,7279,7287,0
2180,6854,6864,6874,7063,7085,7280,7288,7296,0
2189,6863,6873,6883,7072,7094,7289,7297,7305,0
2198,6872,6882,6892,7081,7103,7298,7306,7314,0
2207,6881,6891,6901,7090,7112,7307,7315,7323,0
2216,6890,6900,6910,7099,7121,7316,7324,7332,0
2225,6899,6909,6919,7108,7130,7325,7333,7341,0
2234,6908,6918,6926,7117,7137,7334,7342,7348,0
2240,6917,6925,7126,7343,7349,0,0,0,0
2246,6933,6940,7151,7354,7362,0,0,0,0
2255,6932,6939,6949,7141,7160,7355,7363,7371,0
2264,6938,6948,6958,7147,7169,7364,7372,7380,0
2273,6947,6957,6967,7156,7178,7373,7381,7389,0
2282,6956,6966,6976,7165,7187,7382,7390,7398,0
2291,6965,6975,6985,7174,7196,7391,7399,7407,0
2300,6974,6984,6994,7183,7205,7400,7408,7416,0
2309,6983,6993,7003,7192,7214,7409,7417,7425,0
2318,6992,7002,7012,7201,7223,7418,7426,7434,0
2327,7001,7011,7021,7210,7232,7427,7435,7443,0
2336,7010,7020,7030,7219,7241,7436,7444,7452,0
2345,7019,7029,7039,7228,7250,7445,7453,7461,0
2354,7028,7038,7048,7237,7259,7454,7462,7470,0
2363,7037,7047,7057,7246,7268,7463,7471,7479,0
2372,7046,7056,7066,7255,7277,7472,7480,7488,0
2381,7055,7065,7075,7264,7286,7481,7489,7497,0
2390,7064,7074,7084,7273,7295,7490,7498,7506,0
2399,7073,7083,7093,7282,7304,7499,7507,7515,0
2408,7082,7092,7102,7291,7313,7508,7516,7524,0
2417,7091,7101,7111,7300,7322,7517,7525,7533,0
2426,7100,7110,7120,7309,7331,7526,7534,7542,0
2435,7109,7119,7129,7318,7340,7535,7543,7551,0
2444,7118,7128,7136,7327,7347,7544,7552,7558,0
2450,7127,7135,7336,7553,7559,0,0,0,0
2456,7143,7150,7361,7564,7572,0,0,0,0
2465,7142,7149,7159,7351,7370,7565,7573,7581,0
2474,7148,7158,7168,7357,7379,7574,7582,7590,0
2483,7157,7167,7177,7366,7388,7583,7591,7599,0
2492,7166,7176,7186,7375,7397,7592,7600,7608,0
2501,7175,7185,7195,7384,7406,7601,7609,7617,0
2510,7184,7194,7204,7393,7415,7610,7618,7626,0
2519,7193,7203,7213,7402,7424,7619,7627,7635,0
2528,7202,7212,7222,7411,7433,7628,7636,7644,0
2537,7211,7221,7231,7420,7442,7637,7645,7653,0
2546,7220,7230,7240,7429,7451,7646,7654,7662,0
2555,7229,7239,7249,7438,7460,7655,7663,7671,0
2564,7238,7248,7258,7447,7469,7664,7672,7680,0
2573,7247,7257,7267,7456,7478,7673,7681,7689,0
2582,7256,7266,7276,7465,7487,7682,7690,7698,0
2591,7265,7275,7285,7474,7496,7691,7699,7707,0
2600,7274,7284,7294,7483,7505,7700,7708,7716,0
2609,7283,7293,7303,7492,7514,7709,7717,7725,0
2618,7292,7302,7312,7501,7523,7718,7726,7734,0
2627,7301,7311,7321,7510,7532,7727,7735,7743,0
2636,7310,7320,7330,7519,7541,7736,7744,7752,0
2645,7319,7329,7339,7528,7550,7745,7753,7761,0
2654,7328,7338,7346,7537,7557,7754,7762,7768,0
2660,7337,7345,7546,7763,7769,0,0,0,0
2666,7353,7360,7571,7774,7782,0,0,0,0
2675,7352,7359,7369,7561,7580,7775,7783,7791,0
2684,7358,7368,7378,7567,7589,7784,7792,7800,0
2693,7367,7377,7387,7576,7598,7793,7801,7809,0
2702,7376,7386,7396,7585,7607,7802,7810,7818,0
2711,7385,7395,7405,7594,7616,7811,7819,7827,0
2720,7394,7404,7414,7603,7625,7820,7828,7836,0
2729,7403,7413,7423,7612,7634,7829,7837,7845,0
2738,7412,7422,7432,7621,7643,7838,7846,7854,0
2747,7421,7431,7441,7630,7652,7847,7855,7863,0
2756,7430,7440,7450,7639,7661,7856,7864,7872,0
2765,7439,7449,7459,7648,7670,7865,7873,7881,0
2774,7448,7458,7468,7657,7679,7874,7882,7890,0
2783,7457,7467,7477,7666,7688,7883,7891,7899,0
2792,7466,7476,7486,7675,7697,7892,7900,7908,0
2801,7475,7485,7495,7684,7706,7901,7909,7917,0
2810,7484,7494,7504,7693,7715,7910,7918,7926,0
2819,7493,7503,7513,7702,7724,7919,7927,7935,0
2828,7502,7512,7522,7711,7733,7928,7936,7944,0
2837,7511,7521,7531,7720,7742,7937,7945,7953,0
2846,7520,7530,7540,7729,7751,7946,7954,7962,0
2855,7529,7539,7549,7738,7760,7955,7963,7971,0
2864,7538,7548,7556,7747,7767,7964,7972,7978,0
2870,7547,7555,7756,7973,7979,0,0,0,0
2876,7563,7570,7781,7984,7992,0,0,0,0
2885,7562,7569,7579,7771,7790,7985,7993,8001,0
2894,7568,7578,7588,7777,7799,7994,8002,8010,0
2903,7577,7587,7597,7786,7808,8003,8011,8019,0
2912,7586,7596,7606,7795,7817,8012,8020,8028,0
2921,7595,7605,7615,7804,7826,8021,8029,8037,0
2930,7604,7614,7624,7813,7835,8030,8038,8046,0
2939,7613,7623,7633,7822,7844,8039,8047,8055,0
2948,7622,7632,7642,7831,7853,8048,8056,8064,0
2957,7631,7641,7651,7840,7862,8057,8065,8073,0
2966,7640,7650,7660,7849,7871,8066,8074,8082,0
2975,7649,7659,7669,7858,7880,8075,8083,8091,0
2984,7658,7668,7678,7867,7889,8084,8092,8100,0
2993,7667,7677,7687,7876,7898,8093,8101,8109,0
3002,7676,7686,7696,7885,7907,8102,8110,8118,0
3011,7685,7695,7705,7894,7916,8111,8119,8127,0
3020,7694,7704,7714,7903,7925,8120,8128,8136,0
3029,7703,7713,7723,7912,7934,8129,8137,8145,0
3038,7712,7722,7732,7921,7943,8138,8146,8154,0
3047,7721,7731,7741,7930,7952,8147,8155,8163,0
3056,7730,7740,7750,7939,7961,8156,8164,8172,0
3065,7739,7749,7759,7948,7970,8165,8173,8181,0
3074,7748,7758,7766,7957,7977,8174,8182,8188,0
3080,7757,7765,7966,8183,8189,0,0,0,0
3086,7773,7780,7991,8194,8202,0,0,0,0
3095,7772,7779,7789,7981,8000,8195,8203,8211,0
3104,7778,7788,7798,7987,8009,8204,8212,8220,0
3113,7787,7797,7807,7996,8018,8213,8221,8229,0
3122,7796,7806,7816,8005,8027,8222,8230,8238,0
3131,7805,7815,7825,8014,8036,8231,8239,8247,0
3140,7814,7824,7834,8023,8045,8240,8248,8256,0
3149,7823,7833,7843,8032,8054,8249,8257,8265,0
3158,7832,7842,7852,8041,8063,8258,8266,8274,0
3167,7841,7851,7861,8050,8072,8267,8275,8283,0
3176,7850,7860,7870,8059,8081,8276,8284,8292,0
3185,7859,7869,7879,8068,8090,8285,8293,8301,0
3194,7868,7878,7888,8077,8099,8294,8302,8310,0
3203,7877,7887,7897,8086,8108,8303,8311,8319,0
3212,7886,7896,7906,8095,8117,8312,8320,8328,0
3221,7895,7905,7915,8104,8126,8321,8329,8337,0
3230,7904,7914,7924,8113,8135,8330,8338,8346,0
3239,7913,7923,7933,8122,8144,8339,8347,8355,0
3248,7922,7932,7942,8131,8153,8348,8356,8364,0
3257,7931,7941,7951,8140,8162,8357,8365,8373,0
3266,7940,7950,7960,8149,8171,8366,8374,8382,0
3275,7949,7959,7969,8158,8180,8375,8383,8391,0
3284,7958,7968,7976,8167,8187,8384,8392,8398,0
3290,7967,7975,8176,8393,8399,0,0,0,0
3296,7983,7990,8201,8404,8412,0,0,0,0
3305,7982,7989,7999,8191,8210,8405,8413,8421,0
3314,7988,7998,8008,8197,8219,8414,8422,8430,0
3323,7997,8007,8017,8206,8228,8423,8431,8439,0
3332,8006,8016,8026,8215,8237,8432,8440,8448,0
3341,8015,8025,8035,8224,8246,8441,8449,8457,0
3350,8024,8034,8044,8233,8255,8450,8458,8466,0
3359,8033,8043,8053,8242,8264,8459,8467,8475,0
3368,8042,8052,8062,8251,8273,8468,8476,8484,0
3377,8051,8061,8071,8260,8282,8477,8485,8493,0
3386,8060,8070,8080,8269,8291,8486,8494,8502,0
3395,8069,8079,8089,8278,8300,8495,8503,8511,0
3404,8078,8088,8098,8287,8309,8504,8512,8520,0
3413,8087,8097,8107,8296,8318,8513,8521,8529,0
3422,8096,8106,8116,8305,8327,8522,8530,8538,0
3431,8105,8115,8125,8314,8336,8531,8539,8547,0
3440,8114,8124,8134,8323,8345,8540,8548,8556,0
3449,8123,8133,8143,8332,8354,8549,8557,8565,0
3458,8132,8142,8152,8341,8363,8558,8566,8574,0
3467,8141,8151,8161,8350,8372,8567,8575,8583,0
3476,8150,8160,8170,8359,8381,8576,8584,8592,0
3485,8159,8169,8179,8368,8390,8585,8593,8601,0
3494,8168,8178,8186,8377,8397,8594,8602,8608,0
3500,8177,8185,8386,8603,8609,0,0,0,0
3506,8193,8200,8411,8614,8622,0,0,0,0
3515,8192,8199,8209,8401,8420,8615,8623,8631,0
3524,8198,8208,8218,8407,8429,8624,8632,8640,0
3533,8207,8217,8227,8416,8438,8633,8641,8649,0
3542,8216,8226,8236,8425,8447,8642,8650,8658,0
3551,8225,8235,8245,8434,8456,8651,8659,8667,0
3560,8234,8244,8254,8443,8465,8660,8668,8676,0
3569,8243,8253,8263,8452,8474,8669,8677,8685,0
3578,8252,8262,8272,8461,8483,8678,8686,8694,0
3587,8261,8271,8281,8470,8492,8687,8695,8703,0
3596,8270,8280,8290,8479,8501,8696,8704,8712,0
3605,8279,8289,8299,8488,8510,8705,8713,8721,0
3614,8288,8298,8308,8497,8519,8714,8722,8730,0
3623,8297,8307,8317,8506,8528,8723,8731,8739,0
3632,8306,8316,8326,8515,8537,8732,8740,8748,0
3641,8315,8325,8335,8524,8546,8741,8749,8757,0
3650,8324,8334,8344,8533,8555,8750,8758,8766,0
3659,8333,8343,8353,8542,8564,8759,8767,8775,0
3668,8342,8352,8362,8551,8573,8768,8776,8784,0
3677,8351,8361,8371,8560,8582,8777,8785,8793,0
3686,8360,8370,8380,8569,8591,8786,8794,8802,0
3695,8369,8379,8389,8578,8600,8795,8803,8811,0
3704,8378,8388,8396,8587,8607,8804,8812,8818,0
3710,8387,8395,8596,8813,8819,0,0,0,0
3716,8403,8410,8621,8824,8832,0,0,0,0
3725,8402,8409,8419,8611,8630,8825,8833,8841,0
3734,8408,8418,8428,8617,8639,8834,8842,8850,0
3743,8417,8427,8437,8626,8648,8843,8851,8859,0
3752,8426,8436,8446,8635,8657,8852,8860,8868,0
3761,8435,8445,8455,8644,8666,8861,8869,8877,0
3770,8444,8454,8464,8653,8675,8870,8878,8886,0
3779,8453,8463,8473,8662,8684,8879,8887,8895,0
3788,8462,8472,8482,8671,8693,8888,8896,8904,0
3797,8471,8481,8491,8680,8702,8897,8905,8913,0
3806,8480,8490,8500,8689,8711,8906,8914,8922,0
3815,8489,8499,8509,8698,8720,8915,8923,8931,0
3824,8498,8508,8518,8707,8729,8924,8932,8940,0
3833,8507,8517,8527,8716,8738,8933,8941,8949,0
3842,8516,8526,8536,8725,8747,8942,8950,8958,0
3851,8525,8535,8545,8734,8756,8951,8959,8967,0
3860,8534,8544,8554,8743,8765,8960,8968,8976,0
3869,8543,8553,8563,8752,8774,8969,8977,8985,0
3878,8552,8562,8572,8761,8783,8978,8986,8994,0
3887,8561,8571,8581,8770,8792,8987,8995,9003,0
3896,8570,8580,8590,8779,8801,8996,9004,9012,0
3905,8579,8589,8599,8788,8810,9005,9013,9021,0
3914,8588,8598,8606,8797,8817,9014,9022,9028,0
3920,8597,8605,8806,9023,9029,0,0,0,0
3926,8613,8620,8831,9034,9042,0,0,0,0
3935,8612,8619,8629,8821,8840,9035,9043,9051,0
3944,8618,8628,8638,8827,8849,9044,9052,9060,0
3953,8627,8637,8647,8836,8858,9053,9061,9069,0
3962,8636,8646,8656,8845,8867,9062,9070,9078,0
3971,8645,8655,8665,8854,8876,9071,9079,9087,0
3980,8654,8664,8674,8863,8885,9080,9088,9096,0
3989,8663,8673,8683,8872,8894,9089,9097,9105,0
3998,8672,8682,8692,8881,8903,9098,9106,9114,0
4007,8681,8691,8701,8890,8912,9107,9115,9123,0
4016,8690,8700,8710,8899,8921,9116,9124,9132,0
4025,8699,8709,8719,8908,8930,9125,9133,9141,0
4034,8708,8718,8728,8917,8939,9134,9142,9150,0
4043,8717,8727,8737,8926,8948,9143,9151,9159,0
4052,8726,8736,8746,8935,8957,9152,9160,9168,0
4061,8735,8745,8755,8944,8966,9161,9169,9177,0
4070,8744,8754,8764,8953,8975,9170,9178,9186,0
4079,8753,8763,8773,8962,8984,9179,9187,9195,0
4088,8762,8772,8782,8971,8993,9188,9196,9204,0
4097,8771,8781,8791,8980,9002,9197,9205,9213,0
4106,8780,8790,8800,8989,9011,9206,9214,9222,0
4115,8789,8799,8809,8998,9020,9215,9223,9231,0
4124,8798,8808,8816,9007,9027,9224,9232,9238,0
4130,8807,8815,9016,9233,9239,0,0,0,0
4136,8823,8830,9041,9244,9252,0,0,0,0
4145,8822,8829,8839,9031,9050,9245,9253,9261,0
4154,8828,8838,8848,9037,9059,9254,9262,9270,0
4163,8837,8847,8857,9046,9068,9263,9271,9279,0
4172,8846,8856,8866,9055,9077,9272,9280,9288,0
4181,8855,8865,8875,9064,9086,9281,9289,9297,0
4190,8864,8874,8884,9073,9095,9290,9298,9306,0
4199,8873,8883,8893,9082,9104,9299,9307,9315,0
4208,8882,8892,8902,9091,9113,9308,9316,9324,0
4217,8891,8901,8911,9100,9122,9317,9325,9333,0
4226,8900,8910,8920,9109,9131,9326,9334,9342,0
4235,8909,8919,8929,9118,9140,9335,9343,9351,0
4244,8918,8928,8938,9127,9149,9344,9352,9360,0
4253,8927,8937,8947,9136,9158,9353,9361,9369,0
4262,8936,8946,8956,9145,9167,9362,9370,9378,0
4271,8945,8955,8965,9154,9176,9371,9379,9387,0
4280,8954,8964,8974,9163,9185,9380,9388,9396,0
4289,8963,8973,8983,9172,9194,9389,9397,9405,0
4298,8972,8982,8992,9181,9203,9398,9406,9414,0
4307,8981,8991,9001,9190,9212,9407,9415,9423,0
4316,8990,9000,9010,9199,9221,9416,9424,9432,0
4325,8999,9009,9019,9208,9230,9425,9433,9441,0
4334,9008,9018,9026,9217,9237,9434,9442,9448,0
4340,9017,9025,9226,9443,9449,0,0,0,0
4346,9033,9040,9251,9454,9462,0,0,0,0
4355,9032,9039,9049,9241,9260,9455,9463,9471,0
4364,9038,9048,9058,9247,9269,9464,9472,9480,0
4373,9047,9057,9067,9256,9278,9473,9481,9489,0
4382,9056,9066,9076,9265,9287,9482,9490,9498,0
4391,9065,9075,9085,9274,9296,9491,9499,9507,0
4400,9074,9084,9094,9283,9305,9500,9508,9516,0
4409,9083,9093,9103,9292,9314,9509,9517,9525,0
4418,9092,9102,9112,9301,9323,9518,9526,9534,0
4427,9101,9111,9121,9310,9332,9527,9535,9543,0
4436,9110,9120,9130,9319,9341,9536,9544,9552,0
4445,9119,9129,9139,9328,9350,9545,9553,9561,0
4454,9128,9138,9148,9337,9359,9554,9562,9570,0
4463,9137,9147,9157,9346,9368,9563,9571,9579,0
4472,9146,9156,9166,9355,9377,9572,9580,9588,0
4481,9155,9165,9175,9364,9386,9581,9589,9597,0
4490,9164,9174,9184,9373,9395,9590,9598,9606,0
4499,9173,9183,9193,9382,9404,9599,9607,9615,0
4508,9182,9192,9202,9391,9413,9608,9616,9624,0
4517,9191,9201,9211,9400,9422,9617,9625,9633,0
4526,9200,9210,9220,9409,9431,9626,9634,9642,0
4535,9209,9219,9229,9418,9440,9635,9643,9651,0
4544,9218,9228,9236,9427,9447,9644,9652,9658,0
4550,9227,9235,9436,9653,9659,0,0,0,0
4556,9243,9250,9461,9662,9667,0,0,0,0
4565,9242,9249,9259,9451,9470,9663,9668,9673,0
4574,9248,9258,9268,9457,9479,9669,9674,9679,0
4583,9257,9267,9277,9466,9488,9675,9680,9685,0
4592,9266,9276,9286,9475,9497,9681,9686,9691,0
4601,9275,9285,9295,9484,9506,9687,9692,9697,0
4610,9284,9294,9304,9493,9515,9693,9698,9703,0
4619,9293,9303,9313,9502,9524,9699,9704,9709,0
4628,9302,9312,9322,9511,9533,9705,9710,9715,0
4637,9311,9321,9331,9520,9542,9711,9716,9721,0
4646,9320,9330,9340,9529,9551,9717,9722,9727,0
4655,9329,9339,9349,9538,9560,9723,9728,9733,0
4664,9338,9348,9358,9547,9569,9729,9734,9739,0
4673,9347,9357,9367,9556,9578,9735,9740,9745,0
4682,9356,9366,9376,9565,9587,9741,9746,9751,0
4691,9365,9375,9385,9574,9596,9747,9752,9757,0
4700,9374,9384,9394,9583,9605,9753,9758,9763,0
4709,9383,9393,9403,9592,9614,9759,9764,9769,0
4718,9392,9402,9412,9601,9623,9765,9770,9775,0
4727,9401,9411,9421,9610,9632,9771,9776,9781,0
4736,9410,9420,9430,9619,9641,9777,9782,9787,0
4745,9419,9429,9439,9628,9650,9783,9788,9793,0
4754,9428,9438,9446,9637,9657,9789,9794,9798,0
4760,9437,9445,9646,9795,9799,0,0,0,0
4764,9453,9460,9666,0,0,0,0,0,0
4770,9452,9459,9469,9661,9672,0,0,0,0
4776,9458,9468,9478,9665,9678,0,0,0,0
4782,9467,9477,9487,9671,9684,0,0,0,0
4788,9476,9486,9496,9677,9690,0,0,0,0
4794,9485,9495,9505,9683,9696,0,0,0,0
4800,9494,9504,9514,9689,9702,0,0,0,0
4806,9503,9513,9523,9695,9708,0,0,0,0
4812,9512,9522,9532,9701,9714,0,0,0,0
4818,9521,9531,9541,9707,9720,0,0,0,0
4824,9530,9540,9550,9713,9726,0,0,0,0
4830,9539,9549,9559,9719,9732,0,0,0,0
4836,9548,9558,9568,9725,9738,0,0,0,0
4842,9557,9567,9577,9731,9744,0,0,0,0
4848,9566,9576,9586,9737,9750,0,0,0,0
4854,9575,9585,9595,9743,9756,0,0,0,0
4860,9584,9594,9604,9749,9762,0,0,0,0
4866,9593,9603,9613,9755,9768,0,0,0,0
4872,9602,9612,9622,9761,9774,0,0,0,0
4878,9611,9621,9631,9767,9780,0,0,0,0
4884,9620,9630,9640,9773,9786,0,0,0,0
4890,9629,9639,9649,9779,9792,0,0,0,0
4896,9638,9648,9656,9785,9797,0,0,0,0
4900,9647,9655,9791,0,0,0,0,0,0
